"STT","A1","A2","A3","A4","A5","A6","A71","A72","A73","A74","A81","A82","A83","A84","B9","B10","B11","B12","B13","B14","B151","B152","B153","B154","B155","B156","B157","B158","B159","B1510","C16","C17VAC","C18","C19","C20","C21","D221","D222","D223","D224","D225","D231","D232","D233","D234","D235","D236"
1,1974,1,2,6,4,2,1,1,2,2,2,2,2,2,1,2,5,2,2,1,1,1,2,2,2,1,2,2,2,1,4,4,4,1,4,4,1,1,1,1,2,1,1,1,1,1,2
2,1973,1,2,5,5,2,1,1,2,2,1,2,2,2,1,2,4,2,2,1,1,1,2,2,2,1,3,3,2,1,3,4,3,2,4,4,1,1,1,1,2,1,1,1,1,1,2
3,1968,1,2,6,5,2,1,2,2,2,1,2,2,2,1,2,7,2,2,1,1,1,2,2,2,1,2,2,2,1,4,4,4,1,4,4,1,1,1,1,2,1,1,1,1,1,2
4,1962,1,1,5,5,2,1,1,2,2,1,2,2,2,1,2,2,2,2,1,1,1,2,2,2,1,3,3,2,1,4,4,4,2,4,4,1,1,1,1,2,1,1,1,1,1,2
5,1979,1,1,5,4,2,1,2,2,2,1,2,2,2,1,2,4,2,2,1,1,1,3,3,3,1,3,2,2,1,3,4,4,2,4,4,1,1,1,1,2,1,2,2,1,1,2
6,1978,1,1,5,4,2,1,2,2,2,2,2,2,2,1,2,6,2,2,1,1,1,3,2,3,1,3,2,2,1,3,4,3,1,4,4,1,1,1,1,2,1,2,2,1,1,2
7,1965,1,1,5,5,2,1,1,2,2,1,2,2,2,1,1,5,2,2,1,1,1,3,2,2,1,3,2,2,1,3,4,4,3,4,4,1,1,1,1,2,1,1,1,1,1,2
8,1970,1,1,6,4,2,1,1,2,1,1,2,2,2,1,2,4,2,2,1,1,1,3,3,3,1,3,2,2,1,3,4,3,2,4,4,1,1,1,1,2,1,1,2,1,1,2
9,1962,1,1,6,5,2,1,1,2,2,1,2,2,2,1,2,5,2,2,1,1,1,3,2,2,1,3,2,2,1,3,4,4,1,4,4,1,1,1,1,2,1,1,1,1,1,2
10,1965,1,2,6,5,2,1,1,2,1,2,2,2,2,1,2,8,2,2,1,1,1,3,2,3,1,3,3,2,1,4,4,4,1,4,4,1,1,1,1,2,1,1,2,2,1,2
11,1979,1,2,6,5,2,1,1,2,2,2,2,2,2,1,2,8,2,2,1,1,1,3,3,3,1,3,3,2,1,3,4,4,3,4,3,1,1,1,1,2,1,1,1,1,1,2
12,1968,1,2,6,5,2,1,1,2,2,1,2,2,2,1,2,8,2,2,1,1,1,3,2,3,1,1,3,2,1,3,4,4,2,4,4,1,1,1,1,2,1,1,1,1,1,2
13,1966,1,2,6,5,2,1,2,2,2,1,2,2,2,1,2,8,1,2,1,1,1,3,2,3,1,3,3,2,1,3,4,3,4,4,3,1,1,1,1,2,1,1,1,1,1,2
14,1969,1,2,6,5,2,1,2,2,2,1,2,2,2,1,2,8,3,2,1,1,1,2,2,2,1,2,2,2,1,4,4,3,2,4,4,1,1,1,1,2,1,1,1,1,1,2
15,1964,1,2,6,5,2,1,1,2,2,1,2,2,2,1,2,8,3,2,1,1,1,3,2,2,1,3,2,2,1,4,4,4,2,4,4,1,1,1,1,2,1,1,1,1,1,2
16,1976,2,1,5,3,2,1,1,1,2,1,2,2,2,1,2,3,2,2,1,1,1,2,2,2,1,2,2,2,2,3,3,4,3,4,4,1,1,1,1,2,1,1,1,1,1,2
17,1978,2,1,5,5,2,1,1,2,2,1,2,2,2,1,2,4,2,2,1,1,1,2,2,2,1,2,2,2,2,4,4,4,3,4,4,1,1,1,1,2,1,1,1,1,1,2
18,1980,1,1,5,5,2,1,1,2,2,1,2,2,2,1,2,4,2,2,1,1,1,2,2,2,1,2,2,2,2,4,4,4,3,4,4,1,1,1,1,2,1,1,1,1,1,2
19,1965,2,1,6,4,2,1,2,2,2,1,2,2,2,1,2,5,2,2,1,1,1,2,2,3,1,2,2,2,1,4,4,4,2,4,4,1,1,1,2,2,1,1,2,2,1,2
20,1979,2,1,5,4,2,1,1,1,1,1,2,2,2,1,2,5,3,2,1,1,1,2,2,2,1,2,2,2,1,4,4,4,2,4,4,1,1,1,1,2,1,1,1,1,1,2
21,1967,2,1,6,5,2,1,2,2,2,1,2,2,2,1,2,4,2,2,1,1,1,2,2,2,1,2,2,2,1,3,4,4,2,4,4,1,1,1,1,2,1,1,1,1,1,2
22,1968,1,1,6,5,2,1,2,2,2,1,2,2,2,1,2,3,3,2,1,1,1,2,2,2,1,3,2,2,1,3,4,4,2,4,4,1,1,1,1,2,1,1,1,1,1,2
23,1972,2,1,6,5,1,1,1,2,2,1,2,2,2,1,2,7,2,2,1,1,1,2,2,2,1,2,2,2,1,4,4,4,2,4,4,1,1,1,1,2,1,1,1,1,1,2
24,1966,1,1,6,5,2,1,1,2,2,1,2,2,2,1,2,6,2,2,1,1,1,2,2,2,1,2,2,2,1,4,4,4,1,4,4,1,1,1,1,2,1,1,1,1,1,2
25,1964,1,1,6,5,2,1,2,2,2,1,2,2,2,1,2,6,2,2,1,1,1,2,2,2,1,3,3,2,1,4,4,4,2,4,4,1,1,1,1,2,1,1,1,1,1,2
26,1983,1,2,5,4,2,1,1,2,2,1,2,2,2,1,1,4,2,2,1,1,1,2,2,2,1,2,2,2,2,3,4,4,3,4,4,1,1,1,1,2,1,1,1,1,1,2
27,1970,2,1,6,4,2,1,2,2,2,1,2,2,2,1,2,5,2,2,1,1,1,2,2,3,1,2,2,2,1,4,4,4,2,4,4,1,1,1,2,2,1,1,2,2,1,2
28,1974,2,1,6,4,2,1,2,2,2,1,2,2,2,1,2,5,2,2,1,1,1,2,2,3,1,2,2,2,1,4,4,4,2,4,4,1,1,1,2,2,1,1,2,2,1,2
29,1976,2,1,6,4,2,1,2,2,2,1,2,2,2,1,2,5,2,2,1,1,1,2,2,3,1,2,2,2,1,4,4,4,2,4,4,1,1,1,2,2,1,1,2,2,1,2
30,1963,2,2,6,5,2,1,2,2,2,1,2,2,2,1,2,5,2,2,1,1,1,2,2,3,1,2,2,2,1,4,4,4,2,4,4,1,1,1,2,2,1,1,1,1,1,2
31,1964,2,1,6,5,2,1,2,2,2,1,2,2,2,1,2,5,2,2,1,1,1,2,2,3,1,2,2,2,1,4,4,4,2,4,4,1,1,1,2,2,1,1,1,1,1,2
32,1969,1,1,6,4,2,1,2,2,2,1,2,2,2,1,2,5,2,2,1,1,1,2,2,3,1,2,2,2,1,4,4,4,2,4,4,1,1,1,2,2,1,1,2,2,1,2
33,1962,2,1,6,5,2,1,2,2,2,1,2,2,2,1,2,5,2,2,1,1,1,2,2,2,1,2,2,2,1,4,4,4,2,4,4,1,1,1,2,2,1,1,2,2,1,2
34,1970,1,1,6,4,2,1,2,2,2,1,2,2,2,1,2,5,2,2,1,1,1,2,2,3,1,2,2,2,1,4,4,4,2,4,4,1,1,1,2,2,1,1,2,2,1,2
35,1964,1,1,6,5,2,1,2,2,2,1,2,2,2,1,2,5,2,2,1,1,1,2,2,3,1,2,2,2,1,4,4,4,2,4,4,1,1,1,2,2,1,1,2,2,1,2
36,1975,2,1,6,4,2,1,2,2,2,1,2,2,2,1,2,5,2,2,1,1,1,2,2,3,1,2,2,2,1,4,4,4,2,4,4,1,1,1,2,2,1,1,2,2,1,2
37,1974,2,2,6,4,2,1,2,2,2,1,2,2,2,1,2,5,2,2,1,1,1,2,2,3,1,2,2,2,1,4,4,4,2,4,4,1,1,1,2,2,1,1,2,2,1,2
38,1961,2,2,6,5,2,1,2,2,2,1,2,2,2,1,2,5,2,2,1,1,1,2,2,2,1,2,2,2,1,4,4,4,2,4,4,1,1,1,2,2,1,1,2,2,1,2
39,1979,2,1,6,4,2,1,2,2,2,1,2,2,2,1,2,5,2,2,1,1,1,2,2,3,1,2,2,2,1,4,4,4,2,4,4,1,1,1,2,2,1,1,2,2,1,2
40,1978,1,1,6,4,2,1,2,2,2,1,2,2,2,1,2,5,2,2,1,1,1,2,2,3,1,2,2,2,1,4,4,4,2,4,4,1,1,1,2,2,1,1,2,2,1,2
41,1971,2,1,6,4,2,1,2,2,2,1,2,2,2,1,2,5,2,2,1,1,1,2,2,3,1,2,2,2,1,4,4,4,2,4,4,1,1,1,2,2,1,1,1,1,1,2
42,1969,2,1,6,4,2,1,2,2,2,1,2,2,2,1,2,5,2,2,1,1,1,2,2,3,1,2,2,2,1,4,4,4,2,4,4,1,1,1,2,2,1,1,2,2,1,2
43,1995,2,2,5,2,5,1,1,2,2,1,2,2,2,1,2,8,3,2,3,1,1,2,2,3,1,3,3,2,1,4,4,4,2,4,4,1,1,1,1,2,1,2,2,1,1,2
44,1987,2,2,5,3,5,1,1,2,2,1,2,2,2,1,2,8,3,2,3,1,1,2,2,3,1,3,3,2,1,4,4,4,2,4,4,1,1,1,1,2,1,2,2,1,1,2
45,1992,2,1,4,2,4,2,1,2,2,1,2,2,2,1,2,8,3,2,3,1,3,3,3,3,1,3,3,2,2,2,4,3,3,4,3,1,1,1,1,2,1,2,2,1,1,2
46,1975,1,1,3,1,4,2,1,2,2,1,2,2,2,1,2,8,3,2,3,1,3,3,3,3,1,3,3,2,2,2,4,3,3,4,3,1,1,1,1,2,1,2,2,1,1,2
47,1983,2,1,3,2,4,2,1,2,2,1,2,2,2,1,2,8,3,2,3,1,3,3,3,3,1,3,3,2,2,2,4,3,3,4,3,1,1,1,1,2,1,2,2,1,1,2
48,1987,1,1,4,1,4,2,1,2,2,1,2,2,2,1,2,8,3,2,3,1,3,3,3,3,1,3,3,2,2,2,4,3,3,4,3,1,1,1,1,2,1,2,2,1,1,2
49,1995,1,1,4,1,4,2,1,2,2,1,2,2,2,1,2,8,3,2,3,1,3,3,3,3,1,3,3,2,2,2,4,3,3,4,3,1,1,1,1,2,1,2,2,1,1,2
50,1976,1,1,3,1,4,2,1,2,2,1,2,2,2,1,2,8,3,2,3,1,3,3,3,3,1,3,3,2,2,2,4,3,3,4,3,1,1,1,1,2,1,2,2,1,1,2
51,1975,1,1,3,1,4,2,1,2,2,1,2,2,2,1,2,8,3,2,3,1,3,3,3,3,1,3,3,2,2,2,4,3,3,4,3,1,1,1,1,2,1,2,2,1,1,2
52,1992,1,1,4,1,4,2,1,2,2,1,2,2,2,1,2,8,3,2,3,1,3,3,3,3,1,3,3,2,2,3,4,3,3,4,3,1,1,1,1,2,1,2,2,1,1,2
53,1981,1,1,3,1,4,2,1,2,2,1,2,2,2,1,2,8,3,2,3,1,3,3,3,3,1,3,3,2,2,3,4,3,3,4,3,1,1,1,1,2,1,2,2,1,1,2
54,1969,2,2,3,3,4,2,1,2,2,1,2,2,2,1,2,8,3,2,3,1,3,3,3,3,1,3,3,2,2,2,4,3,3,4,3,1,1,1,1,2,1,2,2,1,1,2
55,1979,2,2,4,2,4,2,1,2,2,1,2,2,2,1,2,8,3,2,3,1,3,3,3,3,1,3,3,2,2,2,4,3,3,4,3,1,1,1,1,2,1,2,2,1,1,2
56,1973,2,1,4,2,4,2,1,2,2,1,2,2,2,1,2,8,3,2,3,1,3,3,3,3,1,3,3,2,2,3,4,3,3,4,3,1,1,1,1,2,1,2,2,1,1,2
57,1989,1,2,3,1,4,2,1,2,2,1,2,2,2,1,2,8,3,2,3,1,3,3,3,3,1,3,3,2,2,2,4,3,3,4,3,1,1,1,1,2,1,2,2,1,1,2
58,1971,1,1,3,3,4,2,1,2,2,1,2,2,2,1,2,8,3,2,3,1,3,3,3,3,1,3,3,2,2,2,4,3,3,4,3,1,1,1,1,2,1,2,2,1,1,2
59,1993,1,1,4,1,4,2,1,2,2,1,2,2,2,1,2,8,3,2,3,1,3,3,3,3,1,3,3,2,2,2,4,3,3,4,3,1,1,1,1,2,1,2,2,1,1,2
60,1968,1,2,3,3,4,2,1,2,2,1,2,2,2,1,2,8,3,2,3,1,3,3,3,3,1,3,3,2,2,3,4,3,3,4,3,1,1,1,1,2,1,2,2,1,1,2
61,1967,1,1,3,2,4,2,1,2,2,1,2,2,2,1,2,8,3,2,3,1,3,3,3,3,1,3,3,2,2,2,4,3,3,4,3,1,1,1,1,2,1,2,2,1,1,2
62,1978,1,2,3,2,4,2,1,2,2,1,2,2,2,1,2,8,3,2,3,1,3,3,3,3,1,3,3,2,2,3,4,4,3,4,3,1,1,1,1,2,1,2,2,1,1,2
63,1988,1,1,4,1,4,2,1,2,2,1,2,2,2,1,2,8,3,2,3,1,3,3,3,3,1,3,3,2,2,3,4,3,3,4,3,1,1,1,1,2,1,2,2,1,1,2
64,1991,1,1,5,2,4,2,1,2,2,1,2,2,2,1,2,8,3,2,3,1,3,3,3,3,1,3,3,2,2,3,4,3,3,4,3,1,1,1,1,2,1,2,2,1,1,2
65,1974,1,1,5,1,4,2,1,2,2,1,2,2,2,1,2,8,3,2,3,1,3,3,3,3,1,3,3,2,2,3,4,3,3,4,3,1,1,1,1,2,1,2,2,1,1,2
66,1996,2,1,5,1,4,2,1,2,2,1,2,2,2,1,2,8,3,2,3,1,3,3,3,3,1,3,3,2,2,3,4,3,4,3,3,1,1,1,1,2,1,2,2,1,1,2
67,1988,2,1,5,2,4,2,1,2,2,1,2,2,2,1,2,8,3,2,3,1,3,3,3,3,1,3,3,2,2,3,4,3,3,4,3,1,1,1,1,2,1,2,2,1,1,2
68,1990,2,1,5,1,4,2,1,2,2,1,2,2,2,1,2,8,3,2,3,1,3,3,3,3,1,3,3,2,2,3,4,3,3,4,3,1,1,1,1,2,1,2,2,1,1,2
69,1985,2,1,5,2,4,2,1,2,2,1,2,2,2,1,2,8,3,2,3,1,3,3,3,3,1,3,3,2,2,4,3,3,4,3,1,1,1,1,1,2,1,2,2,1,1,2
70,1987,1,1,5,1,4,2,1,2,2,1,2,2,2,1,2,8,3,2,3,1,3,3,3,3,1,3,3,2,2,3,4,3,3,4,3,1,1,1,1,2,1,2,2,1,1,2
71,1985,2,1,5,1,4,2,1,2,2,1,2,2,2,1,2,8,3,2,3,1,3,3,3,3,1,3,3,2,2,3,4,3,3,4,3,1,1,1,1,2,1,2,2,1,1,2
72,1968,1,1,3,1,4,2,1,2,2,1,2,2,2,1,2,8,3,2,3,1,3,3,3,3,1,3,3,2,2,3,4,3,3,4,3,1,1,1,1,2,1,2,2,1,1,2
73,1966,2,1,3,1,4,2,1,2,2,1,2,2,2,1,2,8,3,2,3,1,3,3,3,3,1,3,3,2,2,2,4,3,3,4,3,1,1,1,1,2,1,2,2,1,1,2
74,1965,2,2,3,1,4,2,1,2,2,1,2,2,2,1,2,8,3,2,3,1,3,3,3,3,1,3,3,2,2,2,4,3,3,4,3,1,1,1,1,2,1,2,2,1,1,2
75,1962,1,1,3,1,4,2,1,2,2,1,2,2,2,1,2,8,3,2,3,1,3,3,3,3,1,3,3,2,2,2,4,3,3,4,3,1,1,1,1,2,1,2,2,1,1,2
76,1972,2,1,4,1,4,2,1,2,2,1,2,2,2,1,2,8,3,2,3,1,3,3,3,3,1,3,3,2,2,3,4,3,3,4,3,1,1,1,1,2,1,2,2,1,1,2
77,1974,2,1,4,1,4,2,1,2,2,1,2,2,2,1,2,8,3,2,3,1,3,3,3,3,1,3,3,2,2,3,4,3,3,4,3,1,1,1,1,2,1,2,2,1,1,2
78,1990,1,1,5,2,4,1,1,1,2,2,1,2,2,1,2,4,2,2,1,1,1,2,2,2,1,2,2,2,2,4,4,4,3,4,4,1,1,1,1,2,1,1,1,1,1,2
79,1971,1,2,4,2,4,1,1,1,2,1,2,2,2,1,2,5,2,2,1,1,1,2,2,2,1,2,2,2,2,4,4,4,3,4,4,1,1,1,1,2,1,1,1,1,1,2
80,1989,1,1,5,3,4,2,1,1,2,1,2,2,2,1,2,4,2,2,1,1,1,2,2,2,1,2,2,2,2,4,4,4,3,4,4,1,1,1,1,2,1,1,1,1,1,2
81,1992,2,1,4,1,4,2,1,1,2,1,2,2,2,1,2,4,2,2,1,1,1,2,2,2,1,2,2,2,2,4,4,4,3,4,4,1,1,1,1,2,1,1,1,1,1,2
82,1980,1,1,4,1,4,2,1,2,2,1,2,2,2,1,2,8,3,2,3,1,3,3,3,3,1,3,3,2,2,4,4,3,3,4,3,1,1,1,1,2,1,2,2,1,1,2
83,1991,2,2,4,1,4,2,1,2,2,1,2,2,2,1,2,8,3,2,3,1,3,3,3,3,1,3,3,2,2,4,4,3,3,4,3,1,1,1,1,2,1,2,2,1,1,2
84,1989,2,2,4,2,4,2,1,2,2,1,2,2,2,1,2,8,3,2,3,1,3,3,3,3,1,3,3,2,2,2,4,3,3,4,3,1,1,1,1,2,1,2,2,1,1,2
85,1983,2,1,3,1,4,2,1,2,2,1,2,2,2,1,2,8,3,2,3,1,3,3,3,3,1,3,3,2,2,3,4,3,3,4,3,1,1,1,1,2,1,2,2,1,1,2
86,1972,1,1,3,2,4,2,1,2,2,1,2,2,2,1,2,8,3,2,3,1,3,3,3,3,1,3,3,2,2,3,4,3,3,4,3,1,1,1,1,2,1,2,2,1,1,2
87,1975,1,2,4,2,4,2,1,2,2,1,2,2,2,1,2,8,3,2,3,1,3,3,3,3,1,3,3,2,2,3,4,3,3,4,3,1,1,1,1,2,1,2,2,1,1,2
88,1993,2,2,4,1,4,2,1,2,2,1,2,2,2,1,2,8,3,2,3,1,3,3,3,3,1,3,3,2,2,3,4,3,3,4,3,1,1,1,1,2,1,2,2,1,1,2
89,1989,1,1,4,2,4,2,1,2,2,1,2,2,2,1,2,8,3,2,3,1,3,3,3,3,1,3,3,2,2,2,4,3,3,4,3,1,1,1,1,2,1,2,2,1,1,2
90,1972,1,1,4,1,4,2,1,2,2,1,2,2,2,1,2,8,3,2,3,1,3,3,3,3,1,3,3,2,2,3,4,3,3,4,3,1,1,1,1,2,1,2,2,1,1,2
91,1994,2,1,4,1,4,2,1,2,2,1,2,2,2,1,2,8,3,2,3,1,3,3,3,3,1,3,3,2,2,3,4,3,3,4,3,1,1,1,1,2,1,2,2,1,1,2
92,1997,2,1,5,1,4,2,1,2,2,1,2,2,2,1,2,8,3,2,3,1,3,3,3,3,1,3,3,2,2,3,4,3,3,4,3,1,1,1,1,2,1,2,2,1,1,2
93,1996,2,2,4,1,4,2,1,2,2,1,2,2,2,1,2,8,3,2,3,1,3,3,3,3,1,3,3,2,2,2,4,3,3,4,3,1,1,1,1,2,1,2,2,1,1,2
94,1982,2,2,5,3,4,1,2,2,2,1,2,2,2,1,2,4,3,2,3,1,2,2,2,2,2,2,2,2,1,3,4,4,3,4,3,1,1,1,1,2,1,1,1,1,1,2
95,1977,2,1,5,3,3,1,1,2,2,1,2,1,2,1,2,8,3,2,1,1,1,2,2,2,1,3,3,2,1,3,4,3,2,4,3,1,1,1,1,2,1,2,2,1,1,2
96,1977,1,1,3,1,4,1,1,2,2,1,2,2,2,1,2,5,3,4,3,1,1,3,2,1,1,3,2,2,2,3,4,3,1,4,3,1,1,2,1,2,1,1,1,1,1,2
97,1978,2,1,3,1,4,1,1,2,2,1,2,2,2,1,2,5,3,4,3,1,1,3,2,3,1,3,2,2,2,3,4,3,1,4,3,1,1,2,1,2,1,1,1,1,1,2
98,1985,2,1,5,3,3,1,1,2,2,1,2,1,2,1,2,8,3,2,1,1,1,2,2,2,1,3,3,2,1,3,4,3,2,4,3,1,1,1,1,2,1,2,2,1,1,2
99,1984,1,1,5,3,3,1,1,2,2,1,2,1,2,1,2,8,3,2,1,1,1,2,2,2,1,3,3,2,1,3,4,3,2,4,3,1,1,1,1,2,1,2,2,1,1,2
100,1982,2,1,3,1,4,1,1,2,2,1,2,2,2,1,2,5,3,4,3,1,1,3,2,3,1,3,2,2,2,3,4,3,1,4,3,1,1,2,1,2,1,1,1,1,1,2
101,1984,1,1,3,1,4,1,1,2,2,1,2,2,2,1,2,5,3,4,3,1,1,3,2,3,1,3,2,2,2,3,4,3,1,4,3,1,1,2,1,2,1,1,1,1,1,2
102,1983,1,1,5,3,3,1,1,2,2,1,2,1,2,1,2,8,3,2,1,1,1,2,2,2,1,3,3,2,1,3,4,3,2,4,3,1,1,1,1,2,1,2,2,1,1,2
103,1982,1,1,5,3,3,1,1,2,2,1,2,1,2,1,2,8,3,2,1,1,1,2,2,2,1,3,3,2,1,3,4,3,2,4,3,1,1,1,1,2,1,2,2,1,1,2
104,1981,1,1,5,3,3,1,1,2,2,1,2,1,2,1,2,8,3,2,1,1,1,2,2,2,1,3,3,2,1,3,4,3,2,4,3,1,1,1,1,2,1,2,2,1,1,2
105,1999,2,1,3,1,4,1,1,2,2,1,2,2,2,1,2,5,3,4,3,1,1,3,3,2,3,1,3,2,2,3,4,3,1,4,3,1,1,2,1,2,1,1,1,1,1,2
106,1980,2,1,5,3,3,1,1,2,2,1,2,1,2,1,2,8,3,2,1,1,1,2,2,2,1,3,3,2,1,3,4,3,2,4,3,1,1,1,1,2,1,2,2,1,1,2
107,1979,2,1,5,3,3,1,1,2,2,1,2,1,2,1,2,8,3,2,1,1,1,2,2,2,1,3,3,2,1,3,4,3,2,4,3,1,1,1,1,2,1,2,2,1,1,2
108,1978,1,1,5,3,3,1,1,2,2,1,2,1,2,1,2,8,3,2,1,1,1,2,2,2,1,3,3,2,1,3,4,3,2,4,3,1,1,1,1,2,1,2,2,1,1,2
109,1977,2,1,3,1,4,1,1,2,2,1,2,2,2,1,2,5,3,4,3,1,1,3,2,3,1,3,2,2,2,3,4,3,1,4,3,1,1,2,1,2,1,1,1,1,1,2
110,1974,1,1,5,3,3,1,1,2,2,1,2,1,2,1,2,8,3,2,1,1,1,2,2,2,1,3,3,2,1,3,4,3,2,4,3,1,1,1,1,2,1,2,2,1,1,2
111,1994,2,1,3,1,4,1,1,2,2,1,2,2,2,1,2,5,3,4,3,1,1,3,2,1,1,3,2,2,2,3,4,3,1,4,3,1,1,2,1,2,1,1,1,1,1,2
112,1976,2,1,3,1,4,1,1,2,2,1,2,2,2,1,2,5,3,4,3,1,1,3,2,3,1,3,2,2,2,3,4,3,1,4,3,1,1,2,1,2,1,1,1,1,1,2
113,1986,2,2,5,3,1,1,1,2,2,2,2,2,2,1,2,7,2,2,1,1,1,2,2,2,1,2,2,2,1,4,4,4,1,4,4,1,1,1,1,2,1,1,1,1,1,2
114,1961,1,1,6,5,4,1,1,2,2,1,2,2,2,1,2,6,2,2,3,1,1,2,2,2,1,3,3,2,1,3,4,3,3,4,3,1,1,1,1,2,1,1,1,1,1,2
115,1968,1,1,5,5,4,1,1,2,2,1,2,2,2,1,2,6,2,2,3,1,1,2,2,2,1,3,3,2,1,3,4,3,3,4,3,1,1,1,1,2,1,1,1,1,1,2
116,1993,2,1,4,2,4,1,2,2,2,1,2,2,2,1,1,4,3,2,3,1,1,2,2,2,1,2,2,2,1,4,4,3,3,4,3,1,1,1,1,2,1,2,2,1,1,2
117,1989,1,1,5,3,3,1,2,2,2,1,2,2,2,1,2,6,2,2,1,1,1,2,2,2,1,2,2,2,1,3,4,3,2,4,3,1,1,1,1,2,1,1,1,1,1,2
118,1971,1,1,3,1,4,2,1,2,2,1,2,2,2,1,2,8,3,2,3,1,3,3,3,3,1,3,3,2,2,2,3,2,4,3,2,1,1,1,1,2,1,2,2,1,2,2
119,1990,2,1,5,1,4,2,1,2,2,1,2,2,2,1,2,4,3,2,1,1,1,2,2,3,1,3,3,2,1,3,3,3,3,3,3,1,1,1,1,2,1,2,2,1,1,2
120,1981,2,2,3,1,4,2,1,2,2,2,1,2,2,1,2,3,3,2,3,1,1,2,2,2,1,3,3,2,1,3,4,3,3,3,4,1,1,1,1,2,1,1,1,1,1,2
121,1985,1,1,3,3,4,1,2,2,2,2,1,2,2,1,2,4,2,2,1,1,1,1,3,3,1,3,3,2,1,3,4,4,3,4,3,1,1,1,1,2,1,2,2,1,1,2
122,1987,2,2,3,1,4,2,1,2,2,2,1,2,2,1,2,3,3,2,3,1,1,2,2,2,1,3,3,2,1,3,4,3,3,3,4,1,1,1,1,2,1,1,1,1,1,2
123,1960,2,2,3,1,4,2,1,2,2,2,1,2,2,1,2,3,3,2,3,1,1,2,2,2,1,3,3,2,1,3,4,3,3,3,4,1,1,1,1,2,1,1,1,1,1,2
124,1975,2,2,3,1,4,2,1,2,2,2,1,2,2,1,2,3,3,2,3,1,1,2,2,2,1,3,3,2,1,3,4,3,3,3,4,1,1,1,1,2,1,1,1,1,1,2
125,1976,1,1,3,3,4,1,2,2,2,2,1,2,2,1,2,4,2,2,1,1,1,1,3,3,1,3,3,2,1,3,4,4,3,4,3,1,1,1,1,2,1,2,2,1,1,2
126,1971,2,2,3,1,4,2,1,2,2,2,1,2,2,1,2,3,3,2,3,1,1,2,2,2,1,3,3,2,1,3,4,3,3,3,4,1,1,1,1,2,1,1,1,1,1,2
127,1961,2,2,3,1,4,2,1,2,2,2,1,2,2,1,2,3,3,2,3,1,1,2,2,2,1,3,3,2,1,3,4,3,3,3,4,1,1,1,1,2,1,1,1,1,1,2
128,1963,2,2,3,1,4,2,1,2,2,2,1,2,2,1,2,3,3,2,3,1,1,2,2,2,1,3,3,2,1,3,4,3,3,3,4,1,1,1,1,2,1,1,1,1,1,2
129,1964,2,2,3,1,4,2,1,2,2,2,1,2,2,1,2,3,3,2,3,1,1,2,2,2,1,3,3,2,1,3,4,3,3,3,4,1,1,1,1,2,1,1,1,1,1,2
130,1982,2,2,3,1,4,2,1,2,2,2,1,2,2,1,2,3,3,2,3,1,1,2,2,2,1,3,3,2,1,3,4,3,3,3,4,1,1,1,1,2,1,1,1,1,1,2
131,1994,2,2,3,1,4,2,1,2,2,2,1,2,2,1,2,3,3,2,3,1,1,2,2,2,1,3,3,2,1,3,4,3,3,3,4,1,1,1,1,2,1,1,1,1,1,2
132,1972,2,2,3,1,4,2,1,2,2,2,1,2,2,1,2,3,3,2,3,1,1,2,2,2,1,3,3,2,1,3,4,3,3,3,4,1,1,1,1,2,1,1,1,1,1,2
133,1963,1,1,3,3,4,1,2,2,2,2,1,2,2,1,2,4,2,2,1,1,1,1,3,3,1,3,3,2,1,3,4,4,3,4,4,1,1,1,1,2,1,2,2,1,1,2
134,1990,2,2,3,1,4,2,1,2,2,2,1,2,2,1,2,3,3,2,3,1,1,2,2,2,1,3,3,2,1,3,4,3,3,3,4,1,1,1,1,2,1,1,1,1,1,2
135,1991,2,2,3,1,4,2,1,2,2,2,1,2,2,1,2,3,3,2,3,1,1,2,2,2,1,3,3,2,1,3,4,3,3,3,4,1,1,1,1,2,1,1,1,1,1,2
136,1993,2,2,3,1,4,2,1,2,2,2,1,2,2,1,2,3,3,2,3,1,1,2,2,2,1,3,3,2,1,3,4,3,3,3,4,1,1,1,1,2,1,1,1,1,1,2
137,1950,1,1,3,3,4,2,1,2,2,1,1,2,2,1,2,8,3,2,1,1,1,3,2,2,1,2,3,2,1,4,4,4,1,4,4,1,1,1,1,2,1,1,1,1,1,2
138,1967,1,1,3,3,4,1,2,2,2,2,1,2,2,1,2,4,2,2,1,1,1,1,3,3,1,3,3,2,1,3,4,4,3,4,3,1,1,1,1,2,1,2,2,1,1,2
139,1995,2,2,3,1,4,2,1,2,2,2,1,2,2,1,2,3,3,2,3,1,1,2,2,2,1,3,3,2,1,3,4,3,3,3,4,1,1,1,1,2,1,1,1,1,1,2
140,1958,1,1,3,5,4,2,1,1,1,1,1,2,2,1,2,8,1,2,1,1,1,1,2,3,1,3,3,3,1,3,4,4,2,4,4,1,1,1,1,2,1,1,1,1,2,2
141,1985,1,1,6,5,3,1,1,2,2,1,2,2,2,1,2,6,2,2,3,1,1,2,2,2,1,3,3,2,1,3,4,3,3,4,3,1,1,1,1,2,1,1,1,1,1,2
142,1962,1,1,6,5,3,1,1,2,2,1,2,2,2,1,2,6,2,2,3,1,1,2,2,2,1,3,3,2,1,3,4,3,3,4,4,1,1,1,1,2,1,1,1,1,1,2
143,1952,2,1,3,1,4,2,1,2,2,1,2,2,2,1,2,8,3,2,3,1,1,2,2,2,1,3,3,2,2,3,3,3,3,3,3,1,1,1,1,2,1,2,2,1,1,2
144,1964,1,1,4,1,4,1,1,1,2,1,2,2,2,1,2,8,3,2,3,1,1,2,2,2,1,3,2,2,1,4,4,4,2,4,4,1,1,1,1,2,1,1,1,1,1,2
145,1999,1,1,3,1,4,2,1,2,2,1,2,2,2,1,2,8,3,2,3,1,3,3,3,3,1,3,3,3,1,2,3,2,4,3,2,1,1,1,1,2,1,2,2,1,2,2
146,1982,2,1,3,1,4,1,1,2,2,1,2,2,2,1,2,5,3,4,3,1,1,3,2,3,1,3,2,2,2,3,4,3,1,4,3,1,1,2,1,2,1,1,1,1,1,2
147,1983,1,1,5,3,4,1,1,2,2,1,2,1,2,1,2,8,3,2,1,1,1,2,2,2,1,3,3,2,1,3,4,3,2,4,3,1,1,1,1,2,1,2,2,1,1,2
148,1990,1,2,5,3,3,1,2,2,2,1,2,2,2,1,2,5,2,2,1,1,1,2,2,2,1,1,2,2,1,3,4,3,3,3,4,1,1,1,1,2,1,2,2,1,1,2
149,1973,1,1,5,5,3,1,1,2,2,1,2,2,2,1,2,5,2,2,1,1,1,2,2,2,1,2,2,2,1,3,4,3,3,3,3,1,1,1,1,2,1,1,1,1,1,2
150,1971,1,1,5,3,3,1,1,2,2,1,2,1,2,1,2,8,3,2,1,1,1,2,2,2,1,3,3,2,1,3,4,3,2,4,3,1,1,1,1,2,1,2,2,1,1,2
151,1973,2,1,5,3,3,1,1,2,2,1,2,1,2,1,2,8,3,2,1,1,1,2,2,2,1,3,3,2,1,3,4,3,2,4,3,1,1,1,1,2,1,2,2,1,1,2
152,1976,2,1,5,4,3,1,1,2,2,1,2,1,2,1,2,8,3,2,1,1,1,2,2,2,1,3,3,2,1,3,4,3,2,4,3,1,1,1,1,2,1,2,2,1,1,2
153,1990,1,1,5,3,3,1,1,2,2,1,2,1,2,1,2,8,3,2,1,1,1,2,2,2,1,3,3,2,1,3,4,3,2,4,3,1,1,1,1,2,1,2,2,1,1,2
154,1981,1,1,5,4,3,1,2,1,2,1,2,2,2,1,2,8,2,2,1,1,1,1,2,2,1,2,2,2,1,3,4,4,2,4,4,1,1,1,1,2,1,1,1,1,1,2
155,1982,2,2,4,2,4,1,1,2,2,1,2,2,2,1,2,4,3,2,1,1,2,2,2,1,1,1,2,2,1,4,4,4,1,4,4,1,1,1,1,2,1,1,1,1,1,2
156,1977,1,1,5,3,3,1,1,2,2,1,2,1,2,1,2,8,3,2,1,1,1,2,2,2,1,3,3,2,1,3,4,3,2,4,3,1,1,1,1,2,1,2,2,1,1,2
157,1971,1,1,5,3,3,1,1,2,2,1,2,2,2,1,2,8,3,2,1,1,1,2,2,2,1,3,3,2,1,3,4,3,2,4,3,1,1,1,1,2,1,1,1,1,1,2
158,1981,1,1,5,3,3,1,1,2,2,1,2,1,2,1,2,8,3,2,1,1,1,2,2,2,1,3,3,2,1,3,4,3,2,4,3,1,1,1,1,2,1,2,2,1,1,2
159,1979,2,1,4,1,4,1,1,2,1,1,2,2,2,1,2,1,3,2,3,1,2,2,2,2,2,2,2,3,2,2,3,3,4,3,3,1,1,1,1,2,1,1,1,1,1,2
160,1965,2,1,3,1,4,2,1,2,2,2,1,2,2,1,2,2,3,2,3,1,3,3,2,2,1,3,2,2,2,3,3,3,3,3,3,1,1,1,1,2,1,1,2,1,1,2
161,1992,2,1,5,3,3,1,1,1,2,1,2,1,2,1,2,4,1,2,3,1,1,2,2,3,1,3,3,3,2,3,4,3,2,4,3,1,1,1,1,2,1,2,2,1,1,2
162,1963,2,1,4,4,4,2,1,1,2,1,2,2,2,1,2,2,1,2,2,1,1,2,2,2,1,3,3,2,2,4,4,4,2,4,3,1,1,1,1,2,1,1,1,1,1,2
163,1965,1,1,3,2,4,2,1,1,1,1,2,2,2,1,2,3,3,2,3,1,1,3,3,2,1,1,3,2,1,3,4,3,4,3,3,1,1,1,1,2,1,1,1,1,1,2
164,1981,2,2,5,3,3,1,2,2,2,1,2,1,2,1,2,8,3,2,3,1,1,3,2,2,2,3,3,2,1,3,3,3,2,4,2,1,1,2,1,2,1,2,2,1,1,2
165,1998,2,2,3,1,4,2,1,2,2,2,1,2,2,1,2,3,3,2,3,1,1,2,2,2,1,3,3,2,1,3,4,3,3,3,4,1,1,1,1,2,1,1,1,1,1,2
166,1988,1,1,5,3,3,1,1,2,2,1,2,2,2,1,2,4,2,2,1,1,1,1,2,2,1,2,2,2,1,3,4,4,3,4,4,1,1,1,1,2,1,1,1,1,1,2
167,1997,2,2,3,1,4,2,1,2,2,2,1,2,2,1,2,3,3,2,3,1,1,2,2,2,1,3,3,2,1,3,4,3,3,3,4,1,1,1,1,2,1,1,1,1,1,2
168,1952,1,1,4,2,4,2,1,2,2,1,2,2,2,1,2,4,3,2,1,1,1,2,2,2,1,2,2,2,1,4,4,4,3,4,3,1,1,1,1,2,1,2,2,1,1,2
169,1994,2,2,3,1,4,2,1,2,2,2,1,2,2,1,2,3,3,2,3,1,1,2,2,2,1,3,3,2,1,3,4,3,3,3,4,1,1,1,1,2,1,1,1,1,1,2
170,1989,2,2,3,1,4,2,1,2,2,2,1,2,2,1,2,3,3,2,3,1,1,2,2,2,1,3,3,2,1,3,4,3,3,3,4,1,1,1,1,2,1,1,1,1,1,2
171,1962,2,1,6,5,4,1,1,2,2,1,2,2,2,1,2,7,2,2,1,1,1,2,2,2,1,2,2,2,1,3,4,4,2,4,4,1,1,1,1,2,1,1,1,1,1,2
172,1960,1,1,6,5,4,1,1,2,2,1,2,2,2,1,2,6,2,2,3,1,1,2,2,2,1,3,3,2,1,3,4,3,3,4,3,1,1,1,1,2,1,1,1,1,1,2
173,1974,2,2,5,4,3,1,1,2,2,1,2,2,2,1,2,8,1,2,1,1,1,2,2,3,1,2,3,2,1,4,3,3,2,4,3,1,1,1,1,2,1,1,1,1,1,2
174,1993,2,2,3,1,4,2,1,2,2,2,1,2,2,1,2,3,3,2,3,1,1,2,2,2,1,3,3,2,1,3,4,3,3,4,4,1,1,1,1,2,1,1,1,1,1,2
175,1986,1,1,3,1,4,2,1,2,2,1,2,2,2,1,2,8,3,2,3,1,3,3,3,3,1,3,3,2,1,2,3,2,4,3,2,1,1,1,1,2,1,2,2,1,2,2
176,1967,2,1,3,1,4,1,1,1,2,1,1,2,2,1,1,5,2,2,3,1,1,2,2,2,1,3,3,2,1,4,4,4,4,4,3,1,1,1,2,2,1,2,2,1,1,2
177,1988,1,1,3,1,4,2,1,2,2,1,2,2,2,1,2,8,3,2,3,1,3,3,3,3,1,3,3,2,1,2,3,2,4,3,2,1,1,1,1,2,1,2,2,1,2,2
178,1990,2,2,3,1,4,2,1,2,2,2,1,2,2,1,2,3,3,2,3,1,1,2,2,2,1,3,3,2,1,3,4,3,3,3,4,1,1,1,1,2,1,1,1,1,1,2
179,1992,1,1,3,1,4,2,1,2,2,1,2,2,2,1,2,8,3,2,3,1,3,3,3,3,1,3,3,3,1,2,3,2,4,3,2,1,1,1,1,2,1,2,2,1,2,2
180,1987,2,2,3,1,4,2,1,2,2,2,1,2,2,1,2,3,3,2,3,1,1,2,2,2,1,3,3,2,1,3,4,3,3,4,4,1,1,1,1,2,1,1,1,1,1,2
181,1984,1,1,3,1,4,2,1,2,2,1,2,2,2,1,2,8,3,2,3,1,3,3,3,3,1,3,3,2,2,2,3,2,4,3,2,1,1,1,1,2,1,2,2,1,2,2
182,1991,2,2,3,1,4,2,1,2,2,2,1,2,2,1,2,3,3,2,3,1,1,2,2,2,1,3,3,2,1,3,4,3,3,3,4,1,1,1,1,2,1,1,1,1,1,2
183,1990,2,2,3,1,4,2,1,2,2,2,1,2,2,1,2,3,3,2,3,1,1,2,2,2,1,3,3,2,1,3,4,3,3,3,4,1,1,1,1,2,1,1,1,1,1,2
184,1963,1,1,6,5,3,1,1,2,2,1,2,2,2,1,2,6,2,2,3,1,1,2,2,2,1,3,3,2,1,3,4,3,3,4,3,1,1,1,1,2,1,1,1,1,1,2
185,1990,2,1,5,1,3,2,2,1,2,1,2,2,2,1,2,5,3,2,1,1,1,2,2,2,1,2,1,2,1,3,4,3,3,4,3,1,1,1,1,2,1,2,2,1,1,2
186,1982,1,1,3,1,4,2,1,2,2,1,2,2,2,1,2,8,3,2,3,1,3,3,3,3,1,3,3,2,1,2,4,4,2,4,4,1,1,1,1,2,1,2,2,1,1,2
187,1971,1,1,3,1,4,2,1,2,2,1,2,2,2,1,2,8,3,2,3,1,3,3,3,3,1,3,3,2,2,2,3,2,4,3,2,1,1,1,1,2,1,2,2,1,2,2
188,1987,2,2,4,3,4,2,1,2,2,1,2,2,2,1,2,8,3,2,3,1,3,3,3,3,1,3,3,2,2,2,4,3,3,4,3,1,1,1,1,2,1,2,2,1,1,2
189,1971,1,1,4,1,4,2,1,1,2,1,2,2,2,1,2,8,3,2,3,1,3,3,3,3,1,3,3,2,2,2,4,3,3,4,3,1,1,1,1,2,1,2,2,1,1,2
190,1976,1,1,4,1,4,2,1,2,2,1,2,2,2,1,2,8,3,2,3,1,3,3,3,3,1,3,3,2,2,2,4,3,3,4,3,1,1,1,1,2,1,2,2,1,1,2
191,1964,1,1,3,1,4,2,1,2,2,1,2,2,2,1,2,8,3,2,3,1,3,3,3,3,1,3,3,2,2,2,4,3,3,4,3,1,1,1,1,2,1,2,2,1,1,2
192,1981,2,1,4,1,4,2,1,2,2,1,2,2,2,1,2,8,3,2,3,1,3,3,3,3,1,3,3,2,2,3,4,3,3,4,3,1,1,1,1,2,1,2,2,1,1,2
193,1970,1,1,4,1,4,2,1,2,2,1,2,2,2,1,2,8,3,2,3,1,3,3,3,3,1,3,3,2,2,2,4,3,3,4,3,1,1,1,1,2,1,2,2,1,1,2
194,1980,1,1,3,1,4,2,1,2,2,1,2,2,2,1,2,8,3,2,3,1,3,3,3,3,1,3,3,2,2,2,4,3,3,4,3,1,1,1,1,2,1,2,2,1,1,2
195,1990,2,1,4,1,4,2,1,2,2,1,2,2,2,1,2,8,3,2,3,1,3,3,3,3,1,3,3,2,2,3,4,3,3,4,3,1,1,1,1,2,1,2,2,1,1,2
196,1991,1,1,5,3,4,2,1,2,2,1,2,2,2,1,2,8,3,2,3,1,3,3,3,3,1,3,3,2,2,3,4,3,3,4,3,1,1,1,1,2,1,2,2,1,1,2
197,1993,2,2,5,1,4,2,1,2,2,1,2,2,2,1,2,8,3,2,3,1,3,3,3,3,1,3,3,2,2,2,4,3,3,4,3,1,1,1,1,2,1,2,2,1,1,2
198,1991,2,1,5,2,4,2,1,2,2,1,2,2,2,1,2,8,3,2,3,1,3,3,3,3,1,3,3,2,2,2,4,3,3,4,3,1,1,1,1,2,1,2,2,1,1,2
199,1992,1,1,5,2,4,2,1,2,2,1,2,2,2,1,2,8,3,2,3,1,3,3,3,3,1,3,3,2,2,2,4,3,3,4,3,1,1,1,1,2,1,2,2,1,1,2
200,1994,2,1,5,1,4,2,1,2,2,1,2,2,2,1,2,8,3,2,3,1,3,3,3,3,1,3,3,2,2,3,4,3,3,4,3,1,1,1,1,2,1,2,2,1,1,2
201,1995,2,1,2,3,4,2,1,2,2,1,2,2,2,1,2,8,3,2,3,1,3,3,3,3,1,3,3,2,2,3,4,3,3,4,3,1,1,1,1,2,1,2,2,1,1,2
202,1953,2,1,5,3,4,2,1,2,2,1,2,2,2,1,2,8,3,2,3,1,3,3,3,3,1,3,3,2,2,3,4,3,3,4,3,1,1,1,1,2,1,2,2,1,1,2
203,1952,1,1,3,1,4,2,1,2,2,1,2,2,2,1,2,8,3,2,3,1,3,3,3,3,1,3,3,2,2,2,4,3,3,4,3,1,1,1,1,2,1,2,2,1,1,2
204,1961,2,2,3,3,4,2,1,2,2,1,2,2,2,1,2,8,3,2,3,1,3,3,3,3,1,3,3,2,2,2,4,3,3,4,3,1,1,1,1,2,1,2,2,1,1,2
205,1964,2,1,3,1,4,2,1,2,2,1,2,2,2,1,2,8,3,2,3,1,3,3,3,3,1,3,3,2,2,2,4,3,3,4,3,1,1,1,1,2,1,2,2,1,1,2
206,1963,2,1,3,3,4,2,1,2,2,1,2,2,2,1,2,8,3,2,3,1,3,3,3,3,1,3,3,2,2,2,4,3,3,4,3,1,1,1,1,2,1,2,2,1,1,2
207,1967,2,1,3,1,4,2,1,2,2,1,2,2,2,1,2,8,3,2,3,1,3,3,3,3,1,3,3,2,2,2,4,3,3,4,3,1,1,1,1,2,1,2,2,1,1,2
208,1986,2,1,4,1,4,2,1,2,2,1,2,2,2,1,2,8,3,2,3,1,3,3,3,3,1,3,3,2,2,2,4,3,3,4,3,1,1,1,1,2,1,2,2,1,1,2
209,1987,1,1,4,1,4,2,1,2,2,1,2,2,2,1,2,8,3,2,3,1,3,3,3,3,1,3,3,2,2,3,4,3,3,4,3,1,1,1,1,2,1,2,2,1,1,2
210,1988,1,1,4,1,4,2,1,2,2,1,2,2,2,1,2,8,3,2,3,1,3,3,3,3,1,3,3,2,2,3,4,3,3,4,3,1,1,1,1,2,1,2,2,1,1,2
211,1992,1,2,4,1,4,2,1,2,2,1,2,2,2,1,2,8,3,2,3,1,3,3,3,3,1,3,3,2,2,3,4,3,3,4,3,1,1,1,1,2,1,2,2,1,1,2
212,1985,2,1,4,3,4,2,1,2,2,1,2,2,2,1,2,8,3,2,3,1,3,3,3,3,1,3,3,2,2,3,4,3,3,4,3,1,1,1,1,2,1,2,2,1,1,2
213,1979,2,1,4,1,4,2,1,2,2,1,2,2,2,1,2,8,3,2,3,1,3,3,3,3,1,3,3,2,2,3,4,3,3,4,3,1,1,1,1,2,1,2,2,1,1,2
214,1977,1,1,3,1,4,2,1,2,2,1,2,2,2,1,2,8,3,2,3,1,3,3,3,3,1,3,3,2,2,2,4,3,3,4,3,1,1,1,1,2,1,2,2,1,1,2
215,1988,1,1,3,1,4,2,1,2,2,1,2,2,2,1,2,8,3,2,3,1,3,3,3,3,1,3,3,2,2,2,4,3,3,4,3,1,1,1,1,2,1,2,2,1,1,2
216,1987,2,2,3,1,4,2,1,2,2,1,2,2,2,1,2,8,3,2,3,1,3,3,3,3,1,3,3,2,2,2,4,3,3,4,3,1,1,1,1,2,1,2,2,1,1,2
217,1968,2,2,3,1,4,2,1,2,2,1,2,2,2,1,2,8,3,2,3,1,3,3,3,3,1,3,3,2,2,3,4,3,3,4,3,1,1,1,1,2,1,2,2,1,1,2
218,1973,1,2,3,1,4,2,1,2,2,1,2,2,2,1,2,8,3,2,3,1,3,3,3,3,1,3,3,2,2,3,4,3,3,4,3,1,1,1,1,2,1,2,2,1,1,2
219,1963,1,2,6,5,3,1,1,1,2,1,2,2,2,1,2,4,2,2,1,1,1,1,2,2,1,2,1,2,1,4,4,4,1,4,4,1,1,1,1,2,1,1,1,1,1,2
220,1992,1,1,5,3,1,1,1,2,2,1,2,2,2,1,2,5,2,2,1,1,1,2,2,2,1,2,2,2,2,4,4,4,3,4,4,1,1,1,1,2,1,1,1,1,1,2
221,1990,2,1,5,3,1,1,1,2,2,1,2,2,2,1,2,7,2,2,1,1,1,2,2,2,1,2,2,2,1,4,4,4,3,4,4,1,1,1,1,2,1,1,1,1,1,2
222,1984,2,2,5,4,1,1,1,2,2,1,2,2,2,1,2,7,2,2,1,1,1,2,2,2,1,2,2,2,1,4,4,4,3,4,4,1,1,1,1,2,1,1,1,1,1,2
223,1985,1,1,5,4,1,1,2,2,2,1,2,2,2,1,2,7,2,2,1,1,1,2,2,2,2,1,2,2,1,3,4,3,2,4,4,1,1,1,1,2,1,1,1,1,1,2
224,1979,2,2,5,4,1,1,2,2,2,1,2,2,2,1,2,6,2,2,1,1,1,2,2,2,1,2,2,2,1,4,4,3,1,4,4,1,1,1,1,2,1,1,1,1,1,2
225,1974,1,1,5,4,1,1,2,2,2,1,2,2,2,1,2,8,2,2,1,1,1,1,1,2,1,2,2,2,1,3,4,3,2,4,4,1,1,1,1,2,1,1,1,1,1,2
226,1989,1,1,5,3,1,1,2,2,2,1,2,2,2,1,2,8,2,2,1,1,1,2,2,2,1,2,2,2,1,3,4,3,2,4,4,1,1,1,1,2,1,1,1,1,1,2
227,1966,2,1,5,5,1,1,1,2,2,1,2,2,2,1,2,8,2,2,1,1,1,2,2,2,1,2,2,2,1,3,4,3,1,4,4,1,1,1,1,2,1,1,1,1,1,2
228,1992,1,1,5,2,1,1,2,2,2,1,2,2,2,1,2,4,2,2,1,1,1,2,2,2,1,2,2,2,1,3,4,3,1,3,3,1,1,1,1,2,1,1,1,1,1,2
229,1991,1,1,5,3,1,1,2,2,2,1,2,2,2,1,2,7,2,2,1,1,1,2,2,2,1,2,2,2,1,4,4,4,2,4,4,1,1,1,1,2,1,1,1,1,1,2
230,1963,1,1,5,5,1,1,2,2,2,1,2,2,2,1,2,7,2,2,1,1,1,2,2,2,1,1,2,2,1,3,4,3,1,4,4,1,1,1,1,2,1,1,1,1,1,2
231,1966,2,1,5,5,1,1,2,2,2,1,2,2,2,1,2,7,2,2,1,1,1,2,2,2,1,2,2,2,1,3,4,3,4,4,2,1,1,1,1,2,1,1,1,1,1,2
232,1964,1,1,5,5,1,1,1,2,2,1,2,2,2,1,2,5,2,2,1,1,1,2,2,2,1,2,2,2,1,4,4,4,1,4,4,1,1,1,1,2,1,1,1,1,1,2
233,1968,2,1,5,5,1,1,1,2,2,1,2,2,2,1,2,8,2,2,1,1,1,2,2,2,1,2,2,2,1,3,4,3,2,4,4,1,1,1,1,2,1,1,1,1,1,2
234,1992,1,1,5,2,1,1,1,2,2,1,2,2,2,1,2,8,2,2,1,1,1,2,2,2,1,2,2,2,1,3,3,3,3,3,3,1,1,1,1,2,1,1,1,1,1,2
235,1984,2,1,5,4,1,1,2,2,2,1,2,2,2,1,2,5,2,2,1,1,1,2,2,2,1,2,2,2,1,3,4,3,3,4,3,1,1,1,1,2,1,1,1,1,1,2
236,1971,1,1,5,5,1,1,2,2,2,1,2,2,2,1,2,8,3,2,1,1,1,2,2,2,1,2,2,2,1,3,4,4,3,4,4,1,1,1,1,2,1,1,1,1,1,2
237,1985,2,1,5,4,1,1,2,2,2,1,2,2,2,1,2,7,2,2,1,1,1,2,2,2,1,2,2,2,1,3,4,3,3,4,3,1,1,1,1,2,1,1,1,1,1,2
238,1978,1,1,5,4,1,1,2,2,2,1,2,2,2,1,2,6,2,2,1,1,1,2,2,2,1,2,2,2,1,4,4,4,2,4,4,1,1,1,1,2,1,1,1,1,1,2
239,1973,1,1,5,4,1,1,1,2,2,1,2,2,2,1,2,4,3,2,1,1,1,2,2,2,1,2,2,2,1,4,4,4,1,4,4,1,1,1,1,2,1,1,1,1,1,2
240,1982,1,1,5,3,1,1,2,2,2,1,2,2,2,1,2,4,3,2,1,1,1,2,2,2,1,2,2,2,1,4,4,4,2,4,3,1,1,1,1,2,1,1,1,1,1,2
241,1981,2,1,5,3,1,1,2,2,2,1,2,2,2,1,2,7,2,2,1,1,1,2,2,2,1,2,2,2,1,3,4,3,2,3,3,1,1,1,1,2,1,1,1,1,1,2
242,1995,1,1,5,1,1,1,2,1,2,2,2,2,2,1,2,7,2,2,1,1,1,2,2,3,1,3,2,2,1,4,4,4,2,4,4,1,1,1,1,2,1,1,1,1,1,2
243,1988,1,1,5,3,1,1,2,2,1,1,2,2,2,1,2,7,2,2,1,1,1,2,2,2,1,2,2,2,1,3,4,3,2,4,4,1,1,1,1,2,1,1,1,1,1,2
244,1981,1,1,5,4,1,1,2,2,2,1,2,2,2,1,2,6,2,2,1,1,1,2,2,2,1,2,2,2,1,4,4,4,2,4,4,1,1,1,1,2,1,1,1,1,1,2
245,1995,2,1,5,1,1,1,1,1,1,1,2,2,2,1,2,8,2,2,1,1,1,2,2,2,1,2,2,2,1,3,4,3,2,4,3,1,1,1,1,2,1,1,1,1,1,2
246,1992,2,1,5,2,1,1,1,1,2,1,2,2,2,1,2,7,2,2,1,1,1,2,2,2,1,2,2,2,1,3,4,4,2,4,4,1,1,1,1,2,1,1,1,1,1,2
247,1978,2,1,5,3,1,1,1,2,2,1,2,2,2,1,2,7,1,2,1,1,1,2,2,2,1,2,2,2,1,3,4,3,3,3,3,1,1,1,1,2,1,1,1,1,1,2
248,1969,2,1,5,5,1,1,1,2,2,1,2,2,2,1,2,7,2,2,1,1,1,2,2,2,1,2,2,2,1,3,4,3,3,3,3,1,1,1,1,2,1,2,2,1,1,2
249,1992,2,1,5,3,1,1,1,2,2,1,2,2,2,1,2,7,2,2,1,1,1,2,2,2,1,2,2,2,1,3,4,3,2,4,4,1,1,1,1,2,1,1,2,1,1,2
250,1984,2,1,5,4,1,1,2,1,2,2,2,2,2,1,2,6,3,2,1,1,1,2,2,2,1,2,2,2,1,4,4,4,2,3,4,1,1,1,1,2,1,1,1,1,1,2
251,1991,2,1,5,3,1,1,1,2,2,1,2,2,2,1,2,7,2,2,1,1,1,2,2,2,1,2,2,2,1,4,4,4,2,4,4,1,1,1,1,2,1,1,1,1,1,2
252,1986,2,1,5,3,1,1,1,1,2,1,2,2,2,1,2,7,2,2,1,1,1,2,2,2,1,2,2,2,1,3,4,4,2,4,4,1,1,1,1,2,1,1,1,1,1,2
253,1988,1,1,5,3,1,1,1,2,2,1,2,2,2,1,2,8,2,2,1,1,1,2,2,2,1,2,2,2,1,3,4,3,3,4,3,1,1,1,1,2,1,1,1,1,1,2
254,1987,2,1,5,3,1,1,1,1,2,1,2,2,2,1,2,6,2,2,1,1,1,2,2,2,1,2,2,2,1,3,4,3,3,4,3,1,1,1,1,2,1,1,1,1,1,2
255,1994,2,1,5,2,1,1,2,1,2,1,1,1,2,1,2,7,2,2,1,1,1,2,2,2,1,2,2,2,1,3,4,3,2,4,3,1,1,1,1,2,1,1,1,1,1,2
256,1985,2,1,5,3,1,1,1,1,1,1,2,2,2,1,2,7,2,2,1,1,1,2,2,2,2,2,2,2,1,3,4,3,3,3,3,1,1,1,1,2,1,1,1,1,1,2
257,1990,2,1,5,3,1,1,1,1,1,1,2,2,2,1,2,5,3,2,1,1,1,2,2,2,1,2,2,2,1,3,4,4,2,4,3,1,1,1,1,2,1,1,1,1,1,2
258,1982,2,1,5,3,1,1,1,1,2,1,2,2,2,1,2,7,2,2,1,1,1,2,2,2,1,2,2,2,1,4,4,4,2,4,4,1,1,1,1,2,1,1,1,1,1,2
259,1981,2,1,5,3,1,1,2,2,2,1,2,2,2,1,2,5,3,2,1,1,1,2,2,2,1,2,2,2,1,3,4,4,4,4,3,1,1,1,1,2,1,1,1,1,2,2
260,1974,2,1,5,5,1,1,2,2,2,1,2,2,2,1,2,7,2,2,1,1,1,3,2,2,1,3,2,2,1,3,4,4,2,4,4,1,1,1,1,2,1,1,1,1,1,2
261,1972,2,1,5,4,1,1,1,2,2,1,2,2,2,1,2,7,3,2,1,1,1,2,2,2,1,3,3,2,1,3,4,4,4,3,3,1,1,1,1,2,1,1,1,1,1,2
262,1968,2,1,5,5,1,1,2,2,2,1,2,2,2,1,2,8,2,2,1,1,1,2,2,2,2,2,2,2,1,4,4,3,2,4,3,1,1,1,1,2,1,1,1,1,2,2
263,1991,1,1,5,2,1,1,1,2,2,1,2,2,2,1,2,4,2,2,1,1,1,2,2,2,1,2,2,2,2,4,4,4,3,4,4,1,1,1,1,2,1,1,1,1,1,2
264,1991,1,1,5,2,1,1,2,2,2,1,2,2,2,1,2,7,2,2,1,1,1,2,2,2,1,3,3,2,1,3,4,3,4,4,3,1,1,1,1,2,1,2,2,1,1,2
265,1973,2,1,5,5,1,1,1,2,2,1,2,2,2,1,2,7,2,2,1,1,1,2,2,1,1,2,2,2,1,3,4,3,3,4,4,1,1,1,1,2,1,1,1,1,1,2
266,1981,2,1,5,4,1,1,2,2,2,1,2,2,2,1,2,5,2,2,1,1,1,2,2,2,1,2,2,2,1,4,4,4,1,4,4,1,1,1,1,2,1,1,1,1,1,2
267,1969,1,1,5,5,1,1,1,2,2,1,2,2,2,1,2,7,3,2,1,1,1,2,2,2,1,2,2,2,1,4,4,4,2,4,4,1,1,1,1,2,1,1,1,1,1,2
268,1994,1,1,5,2,1,1,2,2,2,1,2,2,2,1,2,7,1,2,1,1,1,2,2,2,1,2,2,2,1,3,4,3,2,4,4,1,1,1,1,2,1,1,1,1,1,2
269,1990,1,1,5,3,1,1,1,1,2,1,2,2,2,1,2,6,2,2,1,1,1,3,2,3,1,3,2,2,1,3,4,3,2,3,3,1,1,1,1,2,1,1,2,1,1,2
270,1968,1,1,5,5,1,1,2,2,2,1,2,2,2,1,2,5,2,2,1,1,1,2,2,2,1,2,2,2,1,3,3,3,3,3,3,1,1,1,1,2,1,1,1,1,1,2
271,1978,1,1,5,4,1,1,1,2,2,1,2,2,2,1,2,3,2,2,1,1,1,1,2,2,1,2,2,2,1,3,3,3,2,3,3,1,1,1,2,2,1,1,1,1,1,2
272,1981,1,1,5,4,1,1,1,2,2,1,2,2,2,1,2,5,2,2,1,1,1,2,2,2,1,2,2,2,1,3,4,3,3,4,3,1,1,1,1,2,1,2,2,1,1,2
273,1988,2,1,5,3,1,1,2,2,2,1,2,2,2,1,2,7,2,2,1,1,1,2,2,2,1,3,3,2,1,3,4,4,2,4,3,1,1,1,1,2,1,1,1,1,1,2
274,1978,1,1,5,4,1,1,1,1,2,1,2,2,2,1,2,7,1,2,1,1,1,2,2,2,1,2,2,2,1,3,4,3,1,4,4,1,1,1,1,2,1,1,1,1,1,2
275,1992,2,2,5,3,1,1,2,2,2,1,2,2,2,1,2,4,2,2,1,1,1,2,2,3,1,3,2,2,1,3,4,3,2,4,4,1,1,1,1,2,1,1,1,1,1,2
276,1969,2,1,5,5,1,1,1,2,2,1,2,2,2,1,2,7,2,2,1,1,1,2,2,2,1,2,2,2,1,3,4,4,2,3,3,1,1,1,1,2,1,1,1,1,1,2
277,1991,1,2,5,3,1,1,2,2,2,1,2,2,2,1,2,7,2,2,1,1,1,2,2,2,1,2,2,2,1,3,3,3,2,3,3,1,1,1,1,2,1,1,2,2,1,2
278,1987,1,1,5,3,1,1,2,2,2,1,2,2,2,1,2,7,2,2,1,1,1,2,2,2,2,2,2,2,1,4,4,4,2,4,3,1,1,1,1,2,1,1,1,1,1,2
279,1984,2,1,5,3,1,1,1,2,2,1,2,2,2,1,2,4,1,2,1,1,1,3,2,3,1,2,2,2,1,3,4,3,3,3,3,1,1,1,1,2,1,1,2,1,1,2
280,1976,1,2,5,4,1,1,2,2,2,1,2,2,2,1,2,5,2,2,1,1,1,2,2,2,1,3,2,2,1,3,4,3,1,4,4,1,1,1,1,2,1,1,1,1,1,2
281,1981,2,2,5,4,1,1,1,2,2,1,2,2,2,1,2,7,2,2,1,1,1,2,2,2,2,2,2,2,1,3,4,3,2,4,4,1,1,1,1,2,1,1,1,1,1,2
282,1977,2,2,5,4,1,1,2,2,2,1,2,2,2,1,2,5,1,2,1,1,1,3,2,3,1,3,3,2,1,3,4,3,3,4,4,1,1,1,1,2,1,1,1,2,1,2
283,1982,1,1,5,4,1,1,2,1,2,1,2,2,2,1,2,7,2,2,1,1,1,2,2,2,1,2,2,2,1,3,3,3,2,4,3,1,1,1,1,2,1,2,2,1,1,2
284,1991,2,1,5,3,1,1,2,1,2,1,2,2,2,1,2,4,1,2,1,1,1,3,2,2,1,3,3,2,1,4,4,4,3,4,4,1,1,1,1,2,1,1,1,1,1,2
285,1979,2,1,5,4,1,1,1,2,2,1,2,2,2,1,2,5,2,2,1,1,1,2,2,2,1,2,2,2,1,3,4,3,2,3,3,1,1,1,1,2,1,1,2,1,1,2
286,1973,2,1,5,5,1,1,1,2,2,1,2,2,2,1,2,6,2,2,1,1,1,2,2,2,1,2,2,2,1,4,4,4,1,4,4,1,1,1,1,2,1,1,1,1,1,2
287,1990,2,2,5,3,1,1,2,2,2,1,2,2,2,1,2,7,2,2,1,1,1,2,2,2,1,2,2,2,1,4,4,4,3,4,4,1,1,1,1,2,1,1,1,1,1,2
288,1983,2,1,5,3,1,1,1,2,2,1,2,2,2,1,2,5,1,2,1,1,1,2,2,2,1,2,2,2,1,4,4,4,2,4,4,1,1,1,1,2,1,1,1,1,1,2
289,1979,2,1,5,4,1,1,2,2,2,1,2,2,2,1,2,7,2,2,1,1,1,2,2,2,1,2,2,2,1,4,4,4,1,4,4,1,1,1,1,2,1,1,1,1,1,2
290,1989,2,1,5,2,1,1,2,2,2,1,2,2,2,1,2,5,3,2,1,1,1,2,2,2,1,2,2,2,1,3,4,3,2,4,3,1,1,1,1,2,1,1,1,1,1,2
291,1974,2,1,6,5,1,1,2,2,2,1,2,2,2,1,2,5,2,2,1,1,1,2,2,2,1,2,2,2,1,4,4,4,1,4,4,1,1,1,1,2,1,1,1,1,1,2
292,1983,1,1,5,4,1,1,2,2,2,1,2,2,2,1,2,8,2,2,1,1,1,2,2,2,1,2,2,2,1,4,3,3,2,4,3,1,1,1,1,2,1,1,1,1,1,2
293,1974,2,1,5,5,1,1,1,2,2,1,2,2,2,1,2,7,2,2,1,1,1,2,2,2,1,2,2,2,1,3,4,4,2,4,4,1,1,1,1,2,1,1,1,1,1,2
294,1986,1,1,5,4,3,1,1,2,2,1,2,2,2,1,2,6,2,2,3,1,1,2,2,2,1,3,3,2,1,3,4,3,3,4,3,1,1,1,1,2,1,1,1,1,1,2
295,1981,2,1,5,5,1,1,1,2,2,1,2,2,2,1,2,7,2,2,1,1,1,2,2,2,1,2,2,2,1,3,4,4,2,4,4,1,1,1,1,2,1,1,1,1,1,2
296,1983,2,1,5,5,1,1,1,2,2,1,2,2,2,1,2,7,2,2,1,1,1,2,2,2,1,2,2,2,1,3,4,4,2,4,4,1,1,1,1,2,1,1,1,1,1,2
297,1984,2,1,5,5,1,1,1,2,2,1,2,2,2,1,2,7,2,2,1,1,1,2,2,2,1,2,2,2,1,3,4,4,2,4,4,1,1,1,1,2,1,1,1,1,1,2
298,1963,2,1,6,5,1,1,1,2,2,1,2,2,2,1,2,7,2,2,1,1,1,2,2,2,1,2,2,2,1,3,4,4,2,4,4,1,1,1,1,2,1,1,1,1,1,2
299,1992,2,1,5,3,1,1,1,2,2,1,2,2,2,1,2,7,2,2,1,1,1,2,2,2,1,2,2,2,1,3,4,4,2,4,4,1,1,1,1,2,1,1,1,1,1,2
300,1999,2,1,5,1,1,1,1,2,2,1,2,2,2,1,2,7,2,2,1,1,1,2,2,2,1,2,2,2,1,3,4,4,2,4,4,1,1,1,1,2,1,1,1,1,1,2
301,1974,1,1,6,5,3,1,1,2,2,1,2,2,2,1,2,6,2,2,3,1,1,2,2,2,1,3,3,2,1,3,4,3,3,4,3,1,1,1,1,2,1,1,1,1,1,2
302,1969,1,1,6,5,3,1,1,2,2,1,2,2,2,1,2,6,2,2,3,1,1,2,2,2,1,3,3,2,1,3,4,3,3,4,3,1,1,1,1,2,1,1,1,1,1,2
303,1967,2,1,6,5,1,1,1,2,2,1,2,2,2,1,2,7,2,2,1,1,1,2,2,2,1,2,2,2,1,3,4,4,2,4,4,1,1,1,1,2,1,1,1,1,1,2
304,1980,2,1,5,5,1,1,1,2,2,1,2,2,2,1,2,7,2,2,1,1,1,2,2,2,1,2,2,2,1,3,4,4,2,4,4,1,1,1,1,2,1,1,1,1,1,2
305,1981,2,1,6,5,1,1,1,2,2,1,2,2,2,1,2,7,2,2,1,1,1,2,2,2,1,2,2,2,1,3,4,4,2,4,4,1,1,1,1,2,1,1,1,1,1,2
306,1982,2,1,5,5,1,1,1,2,2,1,2,2,2,1,2,7,2,2,1,1,1,2,2,2,1,2,2,2,1,3,4,4,2,4,4,1,1,1,1,2,1,1,1,1,1,2
307,1983,2,1,6,5,1,1,1,2,2,1,2,2,2,1,2,7,2,2,1,1,1,2,2,2,1,2,2,2,1,3,4,4,2,4,4,1,1,1,1,2,1,1,1,1,1,2
308,1977,1,1,5,5,3,1,1,2,2,1,2,2,2,1,2,6,2,2,3,1,1,2,2,2,1,3,3,2,1,3,4,3,3,4,3,1,1,1,1,2,1,1,1,1,1,2
309,1986,1,1,6,4,3,1,1,1,2,1,2,2,2,1,2,6,2,2,3,1,1,2,2,2,1,3,3,2,1,3,4,3,3,4,3,1,1,1,1,2,1,1,1,1,1,2
310,1970,2,1,5,5,1,1,1,2,2,1,2,2,2,1,2,7,2,2,1,1,1,2,2,2,1,2,2,2,1,3,4,4,2,4,4,1,1,1,1,2,1,1,1,1,1,2
311,1996,2,1,5,2,1,1,1,2,2,1,2,2,2,1,2,7,2,2,1,1,1,2,2,2,1,2,2,2,1,3,4,4,2,4,4,1,1,1,1,2,1,1,1,1,1,2
312,1990,2,1,6,3,3,1,1,2,2,1,2,2,2,1,2,6,2,2,3,1,1,2,2,2,1,3,3,2,1,3,4,3,3,4,3,1,1,1,1,2,1,1,1,1,1,2
313,1980,1,1,5,4,3,1,1,2,2,1,2,2,2,1,2,6,2,2,3,1,1,2,2,2,1,3,3,2,1,3,4,3,3,4,3,1,1,1,1,2,1,1,1,1,1,2
314,1996,2,1,5,2,1,1,1,2,2,1,2,2,2,1,2,7,2,2,1,1,1,2,2,2,1,2,2,2,1,3,4,4,2,4,4,1,1,1,1,2,1,1,1,1,1,2
315,1973,2,1,5,5,1,1,1,2,2,1,2,2,2,1,2,7,2,2,1,1,1,2,2,2,1,2,2,2,1,3,4,4,2,4,4,1,1,1,1,2,1,1,1,1,1,2
316,1991,2,1,5,2,1,1,1,2,2,1,2,2,2,1,2,7,2,2,1,1,1,2,2,2,1,2,2,2,1,3,4,4,2,4,4,1,1,1,1,2,1,1,1,1,1,2
317,1976,2,1,6,5,1,1,1,2,2,1,2,2,2,1,2,7,2,2,1,1,1,2,2,2,1,2,2,2,1,3,4,4,2,4,4,1,1,1,1,2,1,1,1,1,1,2
318,1987,2,1,6,4,1,1,1,2,2,1,2,2,2,1,2,7,2,2,1,1,1,2,2,2,1,2,2,2,1,3,4,4,2,4,4,1,1,1,1,2,1,1,1,1,1,2
319,1991,2,1,5,3,1,1,1,2,2,1,2,2,2,1,2,7,2,2,1,1,1,2,2,2,1,2,2,2,1,3,4,4,2,4,4,1,1,1,1,2,1,1,1,1,1,2
320,1969,2,1,5,4,1,1,1,2,2,1,2,2,2,1,2,7,2,2,1,1,1,2,2,2,1,2,2,2,1,3,4,4,2,4,4,1,1,1,1,2,1,1,1,1,1,2
321,1970,2,1,6,5,1,1,1,2,2,1,2,2,2,1,2,7,2,2,1,1,1,2,2,2,1,2,2,2,1,3,4,4,2,4,4,1,1,1,1,2,1,1,1,1,1,2
322,1990,2,1,6,3,1,1,1,2,2,1,2,2,2,1,2,7,2,2,1,1,2,2,2,1,2,2,2,2,1,3,4,4,2,4,4,1,1,1,1,2,1,1,1,1,1,2
323,1999,2,1,5,1,1,1,1,1,2,1,2,2,2,1,2,7,2,2,1,1,1,2,2,2,1,2,2,2,1,3,4,4,2,4,4,1,1,1,1,2,1,1,1,1,1,2
324,1976,2,1,6,5,1,1,1,2,2,1,2,2,2,1,2,7,2,2,1,1,1,2,2,2,1,2,2,2,1,3,4,4,2,4,4,1,1,1,1,2,1,1,1,1,1,2
325,1989,2,1,5,2,1,1,1,2,2,1,2,2,2,1,2,7,2,2,1,1,1,2,2,2,1,2,2,2,1,3,4,4,2,4,4,1,1,1,1,2,1,1,1,1,1,2
326,1972,2,1,5,5,1,1,1,2,2,1,2,2,2,1,2,7,2,2,1,1,1,2,2,2,1,2,2,2,1,3,4,4,2,4,4,1,1,1,1,2,1,1,1,1,1,2
327,1973,2,1,6,5,1,1,1,2,2,1,2,2,2,1,2,7,2,2,1,1,1,2,2,2,1,2,2,2,1,3,4,4,2,4,4,1,1,1,1,2,1,1,1,1,1,2
328,1969,2,1,6,5,1,1,1,2,2,1,2,2,2,1,2,7,2,2,1,1,1,2,2,2,1,2,2,2,1,3,4,4,2,4,4,1,1,1,1,2,1,1,1,1,1,2
329,1966,2,1,5,5,1,1,1,2,2,1,2,2,2,1,2,7,2,2,1,1,1,2,2,2,1,2,2,2,1,3,4,4,2,4,4,1,1,1,1,2,1,1,1,1,1,2
330,1968,2,1,6,5,1,1,1,2,2,1,2,2,2,1,2,7,2,2,1,1,1,2,2,2,1,2,2,2,1,3,4,4,2,4,4,1,1,1,1,2,1,1,1,1,1,2
331,1967,2,1,6,5,1,1,1,2,2,1,2,2,2,1,2,7,2,2,1,1,1,2,2,2,1,2,2,2,1,3,4,4,2,4,4,1,1,1,1,2,1,1,1,1,1,2
332,1979,2,1,5,5,1,1,1,2,2,1,2,2,2,1,2,7,2,2,1,1,1,2,2,2,1,2,2,2,1,3,4,4,2,4,4,1,1,1,1,2,1,1,1,1,1,2
333,1977,2,1,5,5,1,1,1,2,2,1,2,2,2,1,2,7,2,2,1,1,1,2,2,2,1,2,2,2,1,3,4,4,2,4,4,1,1,1,1,2,1,1,1,1,1,2
334,1986,2,1,6,5,1,1,1,2,2,1,2,2,2,1,2,7,2,2,1,1,1,2,2,2,1,2,2,2,1,3,4,4,2,4,4,1,1,1,1,2,1,1,1,1,1,2
335,1970,2,1,6,5,1,1,1,2,2,1,2,2,2,1,2,7,2,2,1,1,1,2,2,2,1,2,2,2,1,3,4,4,2,4,4,1,1,1,1,2,1,1,1,1,1,2
336,1966,2,1,6,5,1,1,1,2,2,1,2,2,2,1,2,7,2,2,1,1,1,2,2,2,1,2,2,2,1,3,4,4,2,4,4,1,1,1,1,2,1,1,1,1,1,2
337,1969,2,1,6,5,1,1,1,2,2,1,2,2,2,1,2,7,2,2,1,1,1,2,2,2,1,2,2,2,1,3,4,4,2,4,4,1,1,1,1,2,1,1,1,1,1,2
338,1968,2,1,6,5,1,1,1,1,2,1,2,2,2,1,2,7,2,2,1,1,1,2,2,2,1,2,2,2,1,3,4,4,2,4,4,1,1,1,1,2,1,1,1,1,1,2
339,1967,2,1,6,5,1,1,1,2,2,1,2,2,2,1,2,7,2,2,1,1,1,2,2,2,1,2,2,2,1,3,4,4,2,4,4,1,1,1,1,2,1,1,1,1,1,2
340,1966,2,1,6,5,1,1,1,2,2,1,2,2,2,1,2,7,2,2,1,1,1,2,2,2,1,2,2,2,1,3,4,4,2,4,4,1,1,1,1,2,1,1,1,1,1,2
341,1968,2,1,6,5,1,1,1,2,2,1,2,2,2,1,2,7,2,2,1,1,1,2,2,2,1,2,2,2,1,3,4,4,2,4,4,1,1,1,1,2,1,1,1,1,1,2
342,1976,2,1,6,5,1,1,1,2,2,1,2,2,2,1,2,7,2,2,1,1,1,2,2,2,1,2,2,2,1,3,4,4,2,4,4,1,1,1,1,2,1,1,1,1,1,2
343,1974,2,1,6,5,1,1,1,2,2,1,2,2,2,1,2,7,2,2,1,1,1,2,2,2,1,2,2,2,1,3,4,4,2,4,4,1,1,1,1,2,1,1,1,1,1,2
344,1986,2,1,6,4,1,1,1,2,2,1,2,2,2,1,2,7,2,2,1,1,1,2,2,2,1,2,2,2,1,3,4,4,2,4,4,1,1,1,1,2,1,1,1,1,1,2
345,1964,2,1,6,5,1,1,1,2,2,1,2,2,2,1,2,7,2,2,1,1,1,2,2,2,1,2,2,2,1,3,4,4,2,4,4,1,1,1,1,2,1,1,1,1,1,2
346,1971,2,1,6,5,1,1,1,2,2,1,2,2,2,1,2,7,2,2,1,1,1,2,2,2,1,2,2,2,1,3,4,4,2,4,4,1,1,1,1,2,1,1,1,1,1,2
347,1991,2,1,5,3,1,2,1,2,2,1,2,2,2,1,2,7,1,2,1,1,1,2,2,2,1,2,2,2,2,3,3,3,3,3,3,1,1,1,1,2,1,1,1,1,1,2
348,1984,2,1,5,3,1,1,2,2,2,1,2,2,2,1,2,7,1,2,1,1,1,2,2,2,1,2,2,2,2,3,4,4,3,3,4,1,1,1,1,2,1,1,1,1,1,2
349,1976,2,1,5,4,1,1,2,2,2,1,2,2,2,1,2,7,1,2,1,1,1,2,2,2,1,2,2,2,2,3,4,3,3,4,4,1,1,1,1,2,1,1,1,1,1,2
350,1984,2,2,6,4,1,1,2,2,2,1,2,2,2,1,2,7,1,2,1,1,1,2,2,2,1,1,2,2,2,3,4,3,3,4,4,1,1,1,1,2,1,1,1,1,1,2
351,1985,2,2,5,3,1,1,2,2,2,1,2,2,2,1,2,7,1,2,1,1,1,1,2,2,1,1,2,2,1,3,4,3,2,4,4,1,1,1,1,2,1,1,1,1,1,2
352,1990,2,1,5,3,1,1,2,2,2,1,2,2,2,1,2,7,1,2,1,1,1,1,2,2,1,1,2,2,1,4,4,4,2,4,4,1,1,1,1,2,1,1,1,1,1,2
353,1987,2,2,5,3,1,1,2,2,2,1,2,2,2,1,2,7,1,2,1,1,1,1,2,2,1,2,2,2,1,3,4,3,1,4,4,1,1,1,1,2,1,1,1,1,1,2
354,1970,2,2,5,5,1,1,1,1,2,1,2,2,2,1,2,7,2,2,1,1,1,2,2,2,1,2,2,2,1,3,4,4,2,4,4,1,1,1,1,2,1,1,1,1,1,2
355,1995,2,1,4,2,1,1,1,1,2,1,2,2,2,1,2,3,2,2,1,1,1,1,2,2,1,2,2,2,1,3,3,3,3,4,4,1,1,1,1,2,1,1,1,1,1,2
356,1991,2,1,5,2,1,1,1,1,2,1,2,2,2,1,2,3,2,2,1,1,1,1,2,2,1,2,2,2,1,3,4,3,3,4,4,1,1,1,1,2,1,1,1,1,1,2
357,1993,2,1,4,2,1,1,1,1,2,1,2,2,2,1,2,3,2,2,1,1,1,1,2,2,1,2,2,2,1,3,4,3,3,4,4,1,1,1,1,2,1,1,1,1,1,2
358,1987,2,2,5,3,1,1,1,1,2,1,2,2,2,1,2,3,2,2,1,1,1,1,2,2,1,2,2,2,1,3,3,3,3,4,4,1,1,1,1,2,1,1,1,1,1,2
359,1993,2,1,5,3,1,1,1,1,2,1,2,2,2,1,2,3,2,2,1,1,1,1,2,2,1,1,2,2,1,3,3,3,3,4,4,1,1,1,1,2,1,1,1,1,1,2
360,1995,1,1,4,3,1,1,1,1,2,1,2,2,2,1,2,3,2,2,1,1,1,1,2,1,1,2,2,2,1,3,3,3,3,3,4,1,1,1,1,2,1,1,1,1,1,2
361,1987,2,2,4,3,1,1,2,2,2,1,2,2,2,1,1,5,2,2,1,1,3,3,3,1,1,3,3,3,3,4,3,3,2,3,4,1,1,2,1,2,2,1,1,1,1,2
362,1983,2,1,4,4,1,1,1,2,2,1,2,2,2,1,2,4,2,2,1,1,1,2,2,2,1,2,2,2,1,4,4,4,2,4,4,1,1,1,1,2,1,1,1,1,1,2
363,1968,2,2,5,5,1,1,2,2,2,1,2,2,2,1,2,5,3,2,1,1,1,2,2,2,1,2,2,2,1,3,4,3,3,4,4,1,1,1,1,2,1,1,1,1,1,2
364,1990,2,2,5,3,1,1,2,2,2,1,2,2,2,1,2,7,1,2,1,1,1,1,3,2,1,2,1,2,2,3,4,4,3,4,4,2,2,2,1,2,2,1,2,2,2,2
365,1983,2,2,5,4,1,1,2,2,2,1,2,2,2,1,2,6,2,2,1,1,1,2,2,2,1,2,2,2,1,3,4,3,2,4,4,1,1,1,1,2,1,1,1,1,1,2
366,1968,2,1,4,5,1,1,1,2,2,1,2,2,2,1,2,4,2,2,1,1,1,2,2,2,1,2,2,2,1,3,4,4,3,4,3,1,1,1,1,2,1,1,1,1,1,2
367,1987,2,2,5,4,1,1,1,1,1,1,2,2,2,1,2,7,2,2,1,1,1,2,2,2,1,2,1,2,1,4,4,4,2,4,4,1,1,1,1,2,1,1,1,1,1,2
368,1993,2,1,5,3,1,1,1,1,2,1,2,2,2,1,2,5,1,2,1,3,1,1,2,3,1,1,3,3,1,3,4,4,2,4,4,1,1,1,1,2,1,1,1,1,1,2
369,1977,2,2,5,3,1,1,1,1,2,1,2,2,2,1,2,7,2,2,1,1,1,2,2,2,1,2,2,2,1,3,4,3,2,3,3,1,1,1,1,2,1,2,2,1,1,2
370,1985,2,1,5,4,1,1,1,1,1,1,2,2,2,1,2,7,2,2,1,1,1,2,2,2,1,2,2,2,1,3,3,3,2,3,3,1,1,1,1,2,1,1,1,1,1,2
371,1990,2,2,5,3,1,1,2,2,2,1,2,2,2,1,2,6,2,2,1,1,1,3,3,3,3,3,3,3,1,3,4,3,2,4,4,1,2,2,1,2,1,2,2,2,1,2
372,1995,1,1,5,2,1,1,1,1,1,1,2,2,2,1,2,7,1,2,1,1,1,1,1,1,1,1,1,2,1,3,4,4,3,3,4,1,2,1,1,2,1,1,1,1,1,2
373,1991,1,1,5,3,1,1,2,2,2,1,2,2,2,1,1,7,1,2,1,1,1,1,2,2,1,2,2,2,1,4,4,3,3,4,4,1,1,1,1,2,1,1,1,1,1,2
374,1962,1,1,4,5,1,1,2,2,2,1,2,2,2,1,2,6,2,2,1,1,1,2,2,2,1,2,2,2,1,3,4,4,2,4,3,1,1,1,1,2,1,1,1,1,1,2
375,1987,2,1,5,3,1,1,2,2,2,1,2,2,2,1,2,7,1,2,1,1,1,1,2,2,1,2,2,2,1,4,4,4,1,4,4,1,1,1,1,2,1,1,1,1,1,2
376,1988,2,1,4,4,1,1,2,2,2,1,2,2,2,1,2,7,1,2,1,1,1,1,2,2,1,2,2,2,1,4,4,4,2,4,4,1,1,1,1,2,1,1,1,1,1,2
377,1968,2,1,3,5,1,1,2,2,2,1,2,2,2,1,2,7,1,2,1,1,1,1,2,2,1,1,2,2,1,3,4,4,2,4,4,1,1,1,1,2,1,1,1,1,1,2
378,1986,2,1,4,4,1,1,2,2,2,1,2,2,2,1,2,7,1,2,1,1,1,1,2,2,1,2,2,2,1,4,4,4,2,4,4,1,1,1,1,2,1,1,1,1,1,2
379,1993,2,2,5,3,1,1,2,2,2,1,2,2,2,1,2,7,1,2,1,1,1,1,2,2,1,1,2,2,1,3,4,4,2,4,4,1,1,1,2,2,1,1,1,1,1,2
380,1995,1,1,5,2,1,1,2,2,2,1,2,2,2,1,2,7,2,2,1,1,1,2,2,2,1,2,2,2,1,3,4,3,2,4,4,1,1,1,1,2,1,2,2,1,1,2
381,1971,2,1,6,5,1,1,1,2,2,1,2,2,2,1,2,6,2,2,1,1,1,2,2,2,1,2,2,2,1,4,4,4,1,4,4,1,1,1,1,2,1,1,1,1,1,2
382,1985,2,2,5,3,1,1,2,2,2,1,2,2,2,1,2,6,2,2,1,1,1,2,2,2,1,3,2,2,1,4,4,4,2,4,3,1,1,1,1,2,1,2,1,1,1,2
383,1990,1,1,5,2,1,1,2,2,2,2,2,1,2,1,2,4,1,2,2,1,1,2,2,2,1,2,2,2,1,2,3,2,4,4,2,1,1,1,1,2,1,1,1,1,1,2
384,1990,2,1,3,3,1,1,2,2,2,1,2,2,2,1,2,5,2,2,1,1,1,2,2,2,1,2,2,2,1,4,4,4,1,4,4,1,1,1,1,2,1,1,1,1,1,2
385,1984,2,1,5,3,1,1,2,2,2,1,2,1,2,1,2,6,2,2,3,1,1,2,2,2,1,2,2,2,1,3,3,3,3,4,3,1,1,1,1,2,1,1,1,1,1,2
386,1987,2,1,5,3,1,1,2,2,2,2,2,1,2,1,2,8,1,2,1,1,1,2,2,2,1,2,2,2,1,2,3,2,4,3,1,1,1,1,1,2,1,1,1,1,1,2
387,1986,2,1,5,3,1,1,2,2,2,1,2,2,2,1,2,7,2,2,1,1,1,2,2,2,1,2,2,2,1,4,4,4,2,4,4,1,1,1,1,2,1,1,1,1,1,2
388,1991,2,2,5,2,1,1,2,2,2,1,2,2,2,1,2,7,2,2,1,1,1,2,2,2,1,2,2,2,1,4,4,4,2,4,4,1,1,1,1,2,1,1,1,1,1,2
389,1992,2,1,5,3,1,1,2,2,2,1,2,2,2,1,2,5,2,2,3,1,1,2,2,2,1,2,2,2,1,4,4,4,2,4,4,1,1,1,1,2,1,1,1,1,1,2
390,1988,2,1,5,3,1,1,2,2,2,1,2,2,2,1,2,3,1,2,1,1,1,2,2,2,1,3,2,2,1,3,4,3,2,4,4,1,1,1,1,2,1,1,1,1,1,2
391,1991,1,2,5,2,1,1,1,2,2,1,2,2,2,1,2,5,2,2,1,1,1,1,2,2,1,2,2,2,1,3,4,4,2,4,3,1,1,1,1,2,1,1,1,1,1,2
392,1980,2,2,5,4,1,1,1,2,2,1,2,2,2,1,2,4,2,2,1,1,1,2,2,2,1,2,2,2,1,3,4,3,3,4,4,1,1,1,1,2,1,2,2,1,1,2
393,1985,2,1,5,3,1,1,2,2,2,1,2,2,2,1,2,5,2,2,1,1,1,2,2,2,2,1,2,2,1,3,4,3,3,4,4,1,1,1,1,2,1,1,1,1,1,2
394,1988,2,1,5,3,1,1,1,1,2,1,2,1,2,1,2,3,3,2,2,1,1,2,2,2,1,2,2,2,1,3,3,3,4,3,2,1,1,1,2,2,1,1,2,1,1,2
395,1966,2,2,6,5,1,1,1,2,2,1,2,2,2,1,2,6,2,2,1,1,1,2,2,2,1,2,2,2,1,4,4,3,1,4,4,1,1,1,1,2,1,1,1,1,1,2
396,1974,2,1,5,5,1,1,1,2,2,1,2,2,2,1,2,6,2,2,1,1,1,2,2,2,1,2,2,2,1,3,4,3,2,4,3,1,1,1,1,2,1,2,2,1,1,2
397,1984,2,1,6,4,1,1,2,2,2,1,2,2,2,1,2,5,2,2,1,1,1,2,2,2,1,2,2,2,1,3,4,3,3,4,4,1,1,1,1,2,1,2,2,1,1,2
398,1993,1,1,5,2,1,1,2,2,2,1,2,2,2,1,2,6,2,2,1,1,1,2,2,2,2,1,2,2,1,3,4,4,2,4,3,1,1,1,1,2,1,1,1,1,1,2
399,1988,2,1,5,3,1,1,1,2,2,1,2,2,2,1,2,5,2,2,1,1,1,2,2,2,1,2,2,2,1,4,4,4,1,4,4,1,1,1,1,2,1,1,1,1,1,2
NA,NA,NA,NA,NA,NA,NA,NA,NA,NA,NA,NA,NA,NA,NA,399,393,107,203,390,252,398,309,256,301,262,386,193,223,391,290,0,0,0,37,0,2,398,396,386,378,0,397,270,247,380,388,0
NA,NA,NA,NA,NA,NA,NA,NA,NA,NA,NA,NA,NA,NA,NA,NA,NA,NA,NA,NA,NA,NA,NA,NA,NA,NA,NA,NA,NA,NA,NA,48,0,9,168,0,11,NA,NA,NA,NA,NA,NA,NA,NA,NA,NA,NA
NA,NA,NA,NA,NA,NA,NA,NA,NA,NA,NA,NA,NA,NA,NA,NA,NA,NA,NA,NA,NA,NA,NA,NA,NA,NA,NA,NA,NA,NA,NA,261,32,225,174,62,175,NA,NA,NA,NA,NA,NA,NA,NA,NA,NA,NA
NA,NA,NA,NA,NA,NA,NA,NA,NA,NA,NA,NA,NA,NA,NA,NA,NA,NA,NA,NA,NA,NA,NA,NA,NA,NA,NA,NA,NA,NA,NA,89,365,164,20,335,209,NA,NA,NA,NA,NA,NA,NA,NA,NA,NA,NA
